-- MySQL dump 10.13  Distrib 8.0.34, for Linux (x86_64)
--
-- Host: localhost    Database: miranda_db_php
-- ------------------------------------------------------
-- Server version	8.0.34-0ubuntu0.22.04.1

/*!40101 SET @OLD_CHARACTER_SET_CLIENT=@@CHARACTER_SET_CLIENT */;
/*!40101 SET @OLD_CHARACTER_SET_RESULTS=@@CHARACTER_SET_RESULTS */;
/*!40101 SET @OLD_COLLATION_CONNECTION=@@COLLATION_CONNECTION */;
/*!50503 SET NAMES utf8mb4 */;
/*!40103 SET @OLD_TIME_ZONE=@@TIME_ZONE */;
/*!40103 SET TIME_ZONE='+00:00' */;
/*!40014 SET @OLD_UNIQUE_CHECKS=@@UNIQUE_CHECKS, UNIQUE_CHECKS=0 */;
/*!40014 SET @OLD_FOREIGN_KEY_CHECKS=@@FOREIGN_KEY_CHECKS, FOREIGN_KEY_CHECKS=0 */;
/*!40101 SET @OLD_SQL_MODE=@@SQL_MODE, SQL_MODE='NO_AUTO_VALUE_ON_ZERO' */;
/*!40111 SET @OLD_SQL_NOTES=@@SQL_NOTES, SQL_NOTES=0 */;

--
-- Table structure for table `bookings`
--

DROP TABLE IF EXISTS `bookings`;
/*!40101 SET @saved_cs_client     = @@character_set_client */;
/*!50503 SET character_set_client = utf8mb4 */;
CREATE TABLE `bookings` (
  `booking_id` int NOT NULL AUTO_INCREMENT,
  `guest_name` varchar(255) NOT NULL,
  `order_date` date NOT NULL,
  `checkin` date NOT NULL,
  `checkout` date NOT NULL,
  `special_request` varchar(255) DEFAULT NULL,
  `room_id` int DEFAULT NULL,
  `status` enum('checkin','checkout','in_progress') DEFAULT NULL,
  PRIMARY KEY (`booking_id`),
  KEY `room_id` (`room_id`),
  CONSTRAINT `bookings_ibfk_1` FOREIGN KEY (`room_id`) REFERENCES `rooms` (`room_id`) ON DELETE SET NULL
) ENGINE=InnoDB AUTO_INCREMENT=151 DEFAULT CHARSET=utf8mb4 COLLATE=utf8mb4_0900_ai_ci;
/*!40101 SET character_set_client = @saved_cs_client */;

--
-- Dumping data for table `bookings`
--

LOCK TABLES `bookings` WRITE;
/*!40000 ALTER TABLE `bookings` DISABLE KEYS */;
INSERT INTO `bookings` VALUES (1,'Kian Gutkowski','2022-10-10','2024-07-24','2024-03-20','If we generate the pixel, we can get to the VGA application through the bluetooth RSS program!',1,'in_progress'),(2,'Lambert Hirthe','2022-12-22','2024-01-17','2024-03-02','We need to compress the redundant CLI pixel!',16,'checkout'),(3,'Edwardo Dickinson','2022-09-19','2023-12-30','2024-04-28','Try to generate the XSS sensor, maybe it will compress the virtual firewall!',9,'in_progress'),(4,'Elsa Wolf','2023-06-23','2023-10-29','2024-01-23','Try to generate the RAM pixel, maybe it will generate the 1080p alarm!',16,'in_progress'),(5,'Lamont Daniel','2023-05-09','2023-10-06','2023-09-16','You can\'t copy the application without copying the cross-platform HDD feed!',14,'checkout'),(6,'Michelle Parker','2023-08-12','2023-09-02','2024-06-24','navigating the program won\'t do anything, we need to bypass the redundant SMS system!',12,'checkin'),(7,'Celine Sanford','2022-11-16','2024-05-04','2023-10-21','I\'ll bypass the solid state SMS program, that should driver the XSS bandwidth!',11,'checkout'),(8,'Marjolaine Hettinger','2023-07-08','2024-07-14','2024-04-27','Try to compress the USB application, maybe it will navigate the 1080p bus!',6,'in_progress'),(9,'Vilma Monahan-Gerhold','2023-03-12','2024-01-18','2024-07-28','Use the 1080p RAM alarm, then you can input the wireless microchip!',6,'checkout'),(10,'Dewitt Koelpin','2023-01-23','2023-12-15','2023-10-22','compressing the bandwidth won\'t do anything, we need to reboot the primary ASCII pixel!',4,'in_progress'),(11,'Webster Lowe','2023-08-04','2024-07-30','2023-11-28','connecting the program won\'t do anything, we need to navigate the solid state UDP alarm!',12,'checkout'),(12,'Winona Tromp','2023-07-01','2023-09-11','2023-10-27','I\'ll navigate the optical JBOD microchip, that should alarm the GB system!',10,'checkout'),(13,'Dion Bergstrom','2023-08-24','2023-10-23','2023-09-19','You can\'t transmit the pixel without copying the mobile API port!',9,'checkout'),(14,'Murphy Mayer','2022-09-23','2023-12-02','2024-06-07','I\'ll synthesize the cross-platform SAS application, that should matrix the COM circuit!',14,'in_progress'),(15,'Leola Trantow','2023-01-22','2024-07-01','2024-05-10','If we override the alarm, we can get to the RSS application through the digital PCI bandwidth!',10,'checkout'),(16,'Celestine Jerde','2022-10-30','2023-10-11','2023-11-16','If we program the interface, we can get to the TLS microchip through the auxiliary EXE application!',18,'checkout'),(17,'Lucio Huel','2022-11-14','2023-12-11','2023-11-06','synthesizing the sensor won\'t do anything, we need to calculate the primary AI application!',13,'in_progress'),(18,'Rosalee Mohr','2023-01-14','2024-05-01','2024-08-07','hacking the sensor won\'t do anything, we need to hack the auxiliary GB pixel!',9,'checkout'),(19,'Nelson Reynolds','2022-11-10','2023-09-19','2023-11-23','synthesizing the panel won\'t do anything, we need to bypass the cross-platform THX microchip!',12,'checkin'),(20,'Mariano O\'Reilly','2023-03-12','2023-12-04','2023-11-17','We need to override the optical API bus!',16,'checkout'),(21,'Geovanny Grady','2023-04-15','2023-11-07','2024-04-05','You can\'t back up the feed without copying the neural IP transmitter!',9,'in_progress'),(22,'Corrine Carter','2022-09-06','2024-04-26','2024-08-05','synthesizing the driver won\'t do anything, we need to input the 1080p ADP panel!',14,'in_progress'),(23,'Obie Koss','2022-12-17','2024-04-29','2024-05-09','Use the open-source SSD firewall, then you can program the bluetooth protocol!',5,'checkout'),(24,'Andreane Hermann','2023-01-31','2023-11-20','2024-08-18','The SSD matrix is down, generate the open-source protocol so we can program the XML hard drive!',13,'checkin'),(25,'Nora Lang','2023-01-17','2024-08-05','2024-03-01','Try to hack the COM microchip, maybe it will compress the solid state protocol!',8,'checkout'),(26,'Garret Schaefer','2023-07-17','2024-05-28','2023-10-24','Try to bypass the SSD microchip, maybe it will calculate the redundant program!',2,'checkin'),(27,'Jakayla Simonis','2023-02-15','2023-10-04','2024-02-18','bypassing the port won\'t do anything, we need to transmit the online VGA capacitor!',13,'checkin'),(28,'Jeffrey Leuschke','2023-04-01','2024-07-20','2024-07-20','I\'ll navigate the cross-platform SSL system, that should alarm the SCSI hard drive!',9,'checkin'),(29,'Ashton Wisozk','2022-10-13','2024-04-04','2024-08-11','The SSD transmitter is down, connect the neural program so we can parse the VGA alarm!',5,'checkout'),(30,'Stefan Ernser','2022-10-27','2024-01-04','2023-10-16','You can\'t hack the pixel without calculating the primary RSS interface!',10,'checkin'),(31,'Griffin Runolfsdottir','2022-09-24','2023-11-30','2023-10-19','Try to bypass the AGP firewall, maybe it will program the 1080p alarm!',6,'checkout'),(32,'Lilla Klocko','2023-04-09','2024-08-26','2023-09-07','hacking the matrix won\'t do anything, we need to quantify the virtual OCR system!',11,'checkin'),(33,'Velva Lang','2023-07-03','2024-03-14','2023-12-24','If we program the matrix, we can get to the OCR hard drive through the online SMTP interface!',15,'in_progress'),(34,'Eldora Sauer','2023-03-21','2024-01-27','2024-01-23','If we navigate the driver, we can get to the UTF8 matrix through the multi-byte RAM transmitter!',1,'in_progress'),(35,'Jacquelyn Emard','2022-12-19','2024-03-16','2024-06-26','Use the neural RSS monitor, then you can hack the redundant system!',4,'checkin'),(36,'Damian Schiller','2023-06-28','2024-02-27','2024-01-06','parsing the hard drive won\'t do anything, we need to quantify the bluetooth SAS application!',19,'checkout'),(37,'Augustus Tremblay','2023-05-29','2024-05-30','2024-08-21','You can\'t connect the firewall without calculating the virtual PCI system!',17,'checkout'),(38,'Wilford Bechtelar','2022-10-06','2024-08-20','2024-01-01','synthesizing the circuit won\'t do anything, we need to override the primary HEX bandwidth!',9,'in_progress'),(39,'Ludie Johnston','2022-10-15','2023-10-09','2023-12-10','We need to calculate the primary SSD capacitor!',14,'checkout'),(40,'Nels Glover','2022-09-14','2024-04-20','2023-10-01','copying the protocol won\'t do anything, we need to generate the online OCR array!',6,'checkout'),(41,'Astrid Wyman','2023-06-25','2024-04-29','2024-02-17','transmitting the microchip won\'t do anything, we need to connect the online JSON port!',12,'in_progress'),(42,'Sydnee Jacobson','2022-09-19','2024-04-17','2024-03-07','Try to override the EXE monitor, maybe it will parse the wireless hard drive!',4,'checkout'),(43,'Guiseppe Dach','2022-12-13','2023-12-29','2023-11-03','The HEX sensor is down, index the digital application so we can bypass the SQL application!',4,'checkout'),(44,'Trudie Schimmel','2023-01-12','2024-07-31','2024-03-23','If we parse the system, we can get to the JSON bandwidth through the multi-byte OCR panel!',17,'checkout'),(45,'Bessie Ernser','2023-03-31','2024-01-31','2023-12-26','synthesizing the firewall won\'t do anything, we need to parse the virtual FTP transmitter!',16,'in_progress'),(46,'Jessica Lehner','2023-07-13','2023-09-19','2023-09-02','Use the solid state UDP transmitter, then you can back up the wireless monitor!',3,'checkout'),(47,'Meagan Franey','2023-08-16','2024-08-10','2024-05-05','We need to override the cross-platform RAM port!',5,'in_progress'),(48,'Alaina Konopelski','2022-10-16','2023-11-23','2024-04-11','We need to index the primary CLI feed!',13,'checkin'),(49,'Zoey Brakus-Hettinger','2023-07-07','2023-11-01','2024-01-04','Use the mobile CLI panel, then you can parse the back-end array!',10,'checkout'),(50,'Jarret Macejkovic-Renner','2023-02-20','2023-12-23','2024-02-10','Use the virtual HEX bandwidth, then you can compress the solid state system!',4,'in_progress'),(51,'Rhiannon Farrell','2023-06-27','2024-05-14','2024-03-03','I\'ll program the mobile SQL microchip, that should microchip the SMS card!',9,'in_progress'),(52,'Judd Mayer','2022-11-30','2024-04-10','2024-05-18','Try to quantify the OCR matrix, maybe it will quantify the digital card!',14,'checkin'),(53,'Perry Grimes','2022-10-07','2024-04-27','2023-10-23','You can\'t back up the hard drive without generating the primary SQL interface!',3,'checkout'),(54,'Merlin Christiansen','2023-06-30','2024-04-08','2024-08-18','You can\'t override the protocol without synthesizing the online API firewall!',16,'checkin'),(55,'Marlen Murray','2022-11-20','2023-11-02','2023-11-05','We need to hack the open-source PNG firewall!',8,'checkin'),(56,'Tavares Lowe','2023-03-22','2024-04-28','2024-04-07','Try to synthesize the RAM protocol, maybe it will generate the multi-byte program!',3,'checkout'),(57,'Trisha Little','2022-11-02','2024-08-01','2023-11-19','Try to parse the DRAM bus, maybe it will quantify the back-end feed!',12,'checkout'),(58,'Danyka Prosacco','2023-03-06','2023-09-09','2024-04-15','I\'ll back up the redundant JBOD program, that should interface the XSS interface!',17,'checkin'),(59,'Alphonso Russel','2023-01-16','2024-06-25','2023-10-26','The AGP bus is down, reboot the multi-byte feed so we can override the UTF8 firewall!',15,'in_progress'),(60,'Ronny O\'Reilly','2022-10-09','2024-07-06','2024-01-05','I\'ll calculate the bluetooth EXE microchip, that should application the FTP feed!',10,'checkout'),(61,'Danika Deckow','2023-04-14','2024-05-23','2023-08-31','Try to compress the CLI card, maybe it will navigate the wireless transmitter!',10,'checkin'),(62,'Caroline Beier','2022-09-22','2024-08-03','2024-07-15','The SAS system is down, parse the haptic program so we can calculate the HDD interface!',3,'checkin'),(63,'Serena McCullough','2023-05-02','2023-10-24','2023-11-18','Try to override the PNG panel, maybe it will bypass the mobile bus!',18,'in_progress'),(64,'Marcos Crist','2022-09-02','2024-08-28','2024-07-19','I\'ll reboot the solid state JBOD application, that should bandwidth the DRAM panel!',8,'checkin'),(65,'Kennedy Effertz','2023-04-04','2024-07-05','2024-01-08','We need to connect the back-end SAS transmitter!',11,'checkout'),(66,'Domenic Littel','2023-04-15','2024-01-10','2024-08-15','transmitting the array won\'t do anything, we need to generate the wireless SMS monitor!',12,'checkout'),(67,'Rosalia Schmidt','2023-05-11','2024-06-14','2023-11-16','navigating the card won\'t do anything, we need to reboot the 1080p XML microchip!',11,'checkin'),(68,'Sabrina Hermann','2022-12-07','2023-10-15','2024-05-18','The SDD alarm is down, quantify the optical hard drive so we can calculate the OCR port!',4,'checkout'),(69,'Harmony Rogahn','2023-01-31','2024-06-22','2024-04-23','bypassing the array won\'t do anything, we need to generate the optical DRAM pixel!',1,'checkin'),(70,'Augusta Collier','2023-04-28','2023-11-04','2024-06-22','I\'ll generate the solid state JBOD capacitor, that should array the HEX pixel!',13,'checkout'),(71,'Antwon Kris','2023-03-26','2024-07-11','2023-10-05','programming the protocol won\'t do anything, we need to input the mobile OCR feed!',15,'in_progress'),(72,'Ana Weber','2023-08-29','2023-09-21','2023-12-11','Use the virtual ADP circuit, then you can connect the redundant alarm!',5,'checkout'),(73,'Mae Bauch','2023-07-06','2024-07-19','2024-01-20','hacking the driver won\'t do anything, we need to quantify the redundant CSS alarm!',3,'checkout'),(74,'Kennedy Ryan','2023-08-13','2024-08-27','2023-12-13','Use the solid state TCP system, then you can parse the haptic panel!',5,'checkin'),(75,'Cecilia Ankunding','2023-05-12','2024-04-16','2024-03-21','Use the cross-platform IP circuit, then you can reboot the solid state array!',1,'in_progress'),(76,'Nestor Wolff','2023-04-25','2024-05-15','2024-06-17','The RSS feed is down, generate the solid state driver so we can compress the XML microchip!',19,'in_progress'),(77,'Eveline Hyatt','2022-12-07','2024-05-13','2024-06-23','Use the haptic SSL panel, then you can index the open-source application!',8,'checkin'),(78,'Stevie Nikolaus','2022-10-13','2024-08-24','2024-08-16','Use the neural TLS firewall, then you can quantify the virtual monitor!',4,'in_progress'),(79,'Ignacio Schmeler','2023-07-21','2023-09-13','2024-01-30','I\'ll bypass the solid state SSD card, that should feed the XSS alarm!',11,'in_progress'),(80,'Elta Mueller','2023-06-13','2023-09-27','2024-01-07','Use the neural THX capacitor, then you can generate the neural bus!',3,'checkout'),(81,'Brook Stamm','2022-11-04','2024-08-07','2024-06-02','We need to connect the back-end SQL microchip!',1,'checkout'),(82,'Golden Reynolds','2022-09-22','2024-01-31','2024-03-26','The DRAM firewall is down, bypass the haptic matrix so we can navigate the IB pixel!',18,'checkout'),(83,'Susanna Monahan','2023-03-18','2024-08-15','2023-10-14','navigating the card won\'t do anything, we need to calculate the open-source ADP hard drive!',2,'checkin'),(84,'Adaline Baumbach','2023-01-14','2024-06-15','2024-03-16','If we quantify the panel, we can get to the DNS feed through the redundant TCP card!',10,'checkin'),(85,'Horace Hahn','2022-10-02','2024-01-06','2023-12-01','We need to reboot the redundant PCI port!',15,'checkin'),(86,'Katrina Gutkowski','2022-09-25','2024-05-02','2024-01-17','I\'ll calculate the back-end RAM interface, that should bandwidth the IP system!',14,'checkin'),(87,'Justina Rath','2023-03-08','2023-10-24','2024-02-12','generating the interface won\'t do anything, we need to program the digital PNG monitor!',17,'in_progress'),(88,'Gordon Kirlin','2022-09-16','2024-08-25','2024-07-22','If we compress the circuit, we can get to the SMTP matrix through the solid state API hard drive!',12,'in_progress'),(89,'Brannon Thompson','2022-12-02','2024-03-16','2023-12-21','We need to parse the cross-platform SMS transmitter!',13,'checkout'),(90,'Miguel Stanton','2023-07-24','2023-10-26','2023-09-15','I\'ll index the redundant CLI bus, that should system the IB circuit!',6,'in_progress'),(91,'Myron Shanahan','2023-06-03','2024-08-06','2023-09-15','Try to bypass the VGA port, maybe it will calculate the haptic sensor!',10,'checkout'),(92,'Scotty Ruecker','2023-05-13','2024-05-28','2024-05-27','We need to navigate the optical RSS interface!',16,'in_progress'),(93,'Clint Legros','2023-08-26','2024-05-18','2023-10-18','Try to bypass the DRAM monitor, maybe it will reboot the redundant interface!',6,'in_progress'),(94,'Ethan Jacobson','2023-08-14','2023-10-10','2024-05-27','I\'ll transmit the 1080p AI hard drive, that should system the THX driver!',8,'checkin'),(95,'Asha Anderson','2023-06-01','2024-06-10','2024-02-26','Use the virtual SAS alarm, then you can connect the back-end pixel!',10,'in_progress'),(96,'Raphaelle Rowe','2022-09-16','2024-04-09','2024-06-29','The TLS monitor is down, hack the wireless circuit so we can transmit the SMS array!',19,'in_progress'),(97,'Ezra Cremin-Collier','2022-09-21','2024-01-08','2023-10-01','We need to quantify the primary PCI port!',2,'in_progress'),(98,'Gino Braun','2023-04-17','2024-03-16','2024-08-23','We need to override the multi-byte VGA pixel!',4,'in_progress'),(99,'Edmond Klein','2023-05-12','2024-01-16','2024-06-04','Use the virtual XML bandwidth, then you can input the primary protocol!',1,'checkin'),(100,'Modesto Schneider','2023-07-11','2024-05-16','2023-09-08','We need to hack the back-end TLS protocol!',12,'in_progress'),(101,'Amira Lang','2023-08-07','2023-12-24','2023-09-24','Use the digital OCR pixel, then you can quantify the online circuit!',13,'checkout'),(102,'Coralie Bins','2023-03-01','2024-04-19','2023-10-16','If we copy the program, we can get to the AGP pixel through the wireless SCSI pixel!',13,'in_progress'),(103,'Hildegard Steuber','2022-09-19','2023-10-24','2024-08-20','We need to calculate the open-source RSS array!',1,'checkout'),(104,'Nichole Olson','2023-06-07','2024-08-11','2024-07-25','You can\'t reboot the transmitter without calculating the virtual DNS driver!',7,'in_progress'),(105,'Ernestina Konopelski','2022-11-01','2024-05-24','2024-03-14','Use the back-end DNS circuit, then you can parse the bluetooth panel!',2,'checkout'),(106,'Antonia Hodkiewicz','2023-08-25','2024-07-01','2023-10-12','hacking the program won\'t do anything, we need to program the solid state JSON array!',16,'checkout'),(107,'Fabiola Rutherford','2023-04-13','2023-10-28','2024-03-26','Try to compress the EXE monitor, maybe it will input the optical driver!',4,'in_progress'),(108,'Twila Hamill','2022-10-14','2024-06-26','2024-04-22','The COM driver is down, transmit the virtual firewall so we can calculate the HDD matrix!',18,'checkin'),(109,'Columbus Smitham','2022-11-09','2024-04-20','2024-03-26','If we navigate the hard drive, we can get to the DNS transmitter through the digital EXE program!',7,'checkout'),(110,'Kallie Howell','2023-08-15','2024-06-21','2024-07-25','generating the matrix won\'t do anything, we need to transmit the mobile AGP system!',8,'checkin'),(111,'Gunnar Reynolds','2022-10-17','2024-08-13','2024-05-06','Use the mobile FTP microchip, then you can transmit the redundant feed!',4,'in_progress'),(112,'Rhett Smith','2023-04-17','2024-03-16','2023-11-01','If we parse the panel, we can get to the DRAM driver through the cross-platform SMTP feed!',19,'in_progress'),(113,'Lurline Bauch','2023-02-24','2024-07-03','2023-10-25','If we navigate the pixel, we can get to the USB monitor through the multi-byte SDD transmitter!',9,'in_progress'),(114,'Marilou Braun','2023-06-08','2024-01-03','2024-05-04','Try to hack the THX panel, maybe it will hack the auxiliary pixel!',10,'checkin'),(115,'Lulu McGlynn','2023-06-06','2023-11-30','2024-05-05','overriding the bus won\'t do anything, we need to index the cross-platform VGA application!',7,'checkin'),(116,'Wade Skiles','2023-05-29','2024-03-01','2024-04-20','We need to compress the 1080p DNS system!',12,'checkin'),(117,'Sheldon Schroeder','2023-05-11','2024-06-02','2024-07-15','We need to reboot the optical AI microchip!',4,'checkout'),(118,'Virgie Schumm','2022-09-14','2023-12-05','2024-03-07','Try to synthesize the SAS microchip, maybe it will generate the cross-platform feed!',4,'checkout'),(119,'Stephanie Shanahan','2022-12-14','2024-01-28','2023-09-17','Use the mobile SSL microchip, then you can navigate the primary system!',9,'checkout'),(120,'Murray Sipes','2022-12-08','2023-09-25','2024-03-29','We need to navigate the solid state GB capacitor!',7,'checkout'),(121,'Kevon Sawayn','2023-04-18','2024-02-15','2024-04-04','You can\'t quantify the alarm without indexing the wireless UDP alarm!',15,'checkin'),(122,'Savanah Schultz','2023-05-28','2023-12-09','2024-04-09','If we back up the card, we can get to the GB card through the haptic PCI interface!',4,'checkout'),(123,'Lonzo Schimmel','2022-09-21','2024-05-02','2024-02-03','You can\'t back up the feed without bypassing the open-source DNS driver!',15,'checkin'),(124,'Braden Zieme','2022-11-13','2024-01-02','2023-11-13','We need to connect the 1080p XML monitor!',9,'in_progress'),(125,'Assunta Bahringer-Jakubowski','2022-10-21','2023-09-05','2024-05-13','You can\'t generate the bus without connecting the primary CSS sensor!',3,'checkin'),(126,'Nichole Feil','2023-02-03','2024-07-13','2023-11-13','If we navigate the sensor, we can get to the USB monitor through the digital SMTP hard drive!',16,'in_progress'),(127,'Candelario Kreiger','2023-01-23','2024-08-29','2024-07-17','generating the firewall won\'t do anything, we need to reboot the digital USB panel!',4,'checkin'),(128,'Grayce Fadel','2022-12-11','2024-07-07','2024-05-28','The COM hard drive is down, override the auxiliary card so we can hack the RAM feed!',4,'checkin'),(129,'Burdette Graham','2023-07-04','2023-12-29','2023-11-09','generating the sensor won\'t do anything, we need to index the wireless XSS hard drive!',16,'checkin'),(130,'Kelli Keebler','2023-06-05','2024-03-05','2024-04-20','The SDD driver is down, hack the bluetooth firewall so we can hack the SDD array!',13,'in_progress'),(131,'Therese Will','2023-07-27','2024-01-01','2024-03-17','I\'ll parse the back-end API firewall, that should card the SSL hard drive!',8,'checkout'),(132,'Stephon Abbott','2023-05-01','2024-07-24','2024-06-12','We need to bypass the bluetooth EXE hard drive!',12,'checkout'),(133,'Luther Lindgren','2022-11-11','2024-05-27','2024-05-07','I\'ll compress the open-source UDP protocol, that should sensor the SMTP hard drive!',11,'checkout'),(134,'Mikayla Jacobson','2022-11-08','2024-05-25','2024-01-07','If we quantify the bus, we can get to the CLI hard drive through the 1080p RSS array!',3,'in_progress'),(135,'Rosalia Dickens','2023-05-22','2023-10-13','2023-11-09','Try to override the CSS application, maybe it will index the primary panel!',12,'in_progress'),(136,'Lorna Bernier','2023-05-19','2023-12-07','2024-06-27','The IP microchip is down, copy the mobile interface so we can index the TCP microchip!',5,'in_progress'),(137,'Russel Renner','2023-03-26','2023-09-22','2024-01-11','You can\'t parse the feed without overriding the mobile RAM sensor!',8,'checkout'),(138,'Felicity Volkman','2022-09-07','2024-06-19','2024-06-07','I\'ll back up the wireless TCP bus, that should port the SQL transmitter!',13,'checkout'),(139,'Buford Collins','2023-01-08','2024-06-16','2023-11-08','We need to connect the redundant SAS application!',15,'checkout'),(140,'Daisha Reilly','2023-06-26','2024-08-24','2023-11-22','The COM alarm is down, copy the neural monitor so we can connect the JBOD firewall!',16,'checkin'),(141,'Agustin Toy','2022-11-14','2024-03-09','2024-05-01','copying the transmitter won\'t do anything, we need to transmit the wireless JBOD hard drive!',6,'checkin'),(142,'Ethelyn Bernier','2023-03-24','2024-01-17','2023-09-19','If we quantify the bus, we can get to the API transmitter through the virtual CSS port!',15,'in_progress'),(143,'Jabari Langosh','2022-12-19','2024-08-06','2024-01-29','We need to override the optical VGA microchip!',11,'checkout'),(144,'Katrina Gislason','2023-06-26','2024-01-19','2024-08-23','I\'ll override the back-end HEX system, that should card the SCSI port!',19,'in_progress'),(145,'Lou Stamm','2023-08-21','2024-07-07','2024-07-04','hacking the transmitter won\'t do anything, we need to program the primary UTF8 port!',12,'checkin'),(146,'Beaulah Mosciski','2023-03-04','2024-01-08','2024-02-25','Use the primary PNG protocol, then you can bypass the optical port!',5,'in_progress'),(147,'Ashley Kutch','2023-04-29','2023-12-21','2023-10-08','If we reboot the interface, we can get to the UDP sensor through the mobile IB sensor!',6,'in_progress'),(148,'Travis Dietrich-Krajcik','2022-09-18','2024-01-03','2024-01-28','If we quantify the bus, we can get to the HTTP circuit through the redundant DNS bus!',16,'in_progress'),(149,'Brycen Stracke','2023-07-06','2024-01-29','2023-10-09','We need to connect the bluetooth VGA protocol!',9,'in_progress'),(150,'Titus Harber','2023-01-17','2023-12-08','2024-08-17','Try to input the OCR microchip, maybe it will connect the wireless array!',10,'checkout');
/*!40000 ALTER TABLE `bookings` ENABLE KEYS */;
UNLOCK TABLES;

--
-- Table structure for table `contact`
--

DROP TABLE IF EXISTS `contact`;
/*!40101 SET @saved_cs_client     = @@character_set_client */;
/*!50503 SET character_set_client = utf8mb4 */;
CREATE TABLE `contact` (
  `contact_id` int NOT NULL AUTO_INCREMENT,
  `contact_name` varchar(255) NOT NULL,
  `contact_email` varchar(255) NOT NULL,
  `contact_phone` varchar(255) NOT NULL,
  `contact_date` date NOT NULL,
  `subject` varchar(255) NOT NULL,
  `comment` text NOT NULL,
  `viewed` tinyint(1) NOT NULL DEFAULT '0',
  `archived` tinyint(1) NOT NULL DEFAULT '0',
  PRIMARY KEY (`contact_id`)
) ENGINE=InnoDB AUTO_INCREMENT=41 DEFAULT CHARSET=utf8mb4 COLLATE=utf8mb4_0900_ai_ci;
/*!40101 SET character_set_client = @saved_cs_client */;

--
-- Dumping data for table `contact`
--

LOCK TABLES `contact` WRITE;
/*!40000 ALTER TABLE `contact` DISABLE KEYS */;
INSERT INTO `contact` VALUES (1,'Hillard Keebler-Koepp','Grayson50@yahoo.com','365-192-231','2022-12-06','We need to generate the haptic TLS firewall!','Dolorum asperiores vero sit nostrum ipsa.',1,0),(2,'Linda Lebsack','Ruby11@hotmail.com','211-129-766','2023-08-30','The PNG application is down, bypass the multi-byte circuit so we can copy the SMS hard drive!','Est exercitationem natus repellat cupiditate sapiente quasi sequi.',0,1),(3,'Brianne Wehner','Kenyon.Auer@gmail.com','215-401-558','2022-11-11','The SSL alarm is down, program the 1080p capacitor so we can back up the PCI matrix!','Explicabo praesentium accusamus adipisci aspernatur repellat amet eos voluptas enim.',1,1),(4,'Joelle Spencer','Tess68@gmail.com','043-635-079','2023-01-12','Try to index the DRAM microchip, maybe it will bypass the back-end bandwidth!','Ad ipsa consectetur suscipit.',1,1),(5,'Grayce Thompson','Terrell_Willms@yahoo.com','881-706-773','2023-02-24','The SMS transmitter is down, hack the online microchip so we can calculate the DNS circuit!','Saepe praesentium ducimus soluta nostrum doloremque adipisci maiores eius voluptatem.',1,1),(6,'Guido Dach','Ford_Runolfsson@gmail.com','588-729-797','2023-03-19','Try to generate the JSON capacitor, maybe it will bypass the virtual pixel!','Vitae iste deserunt nihil quos mollitia doloribus provident.',0,1),(7,'Maci Considine','Cedrick.Batz@yahoo.com','265-597-150','2022-09-26','Use the mobile CSS bandwidth, then you can connect the optical circuit!','Sed sed numquam quam enim quia reprehenderit non.',1,1),(8,'Kendra Hoeger','Velva23@hotmail.com','217-552-215','2023-06-24','The XSS system is down, connect the cross-platform bus so we can navigate the EXE capacitor!','Minima occaecati sunt placeat distinctio harum.',0,1),(9,'Precious Metz','Vladimir.Wilderman89@yahoo.com','249-441-235','2022-10-05','Use the primary DNS alarm, then you can generate the optical protocol!','Cum accusantium dolorum fuga aliquid ex qui beatae.',1,0),(10,'Ike Koch','Ceasar_Nitzsche@hotmail.com','674-472-758','2022-11-12','If we transmit the driver, we can get to the IP capacitor through the mobile DRAM circuit!','Quibusdam deserunt dolor magni amet quaerat.',0,1),(11,'Vincent Corkery','Lily_Bartell28@hotmail.com','294-409-447','2023-04-12','You can\'t parse the alarm without bypassing the digital GB bus!','Est asperiores quaerat quo voluptatem aspernatur blanditiis aut similique.',0,0),(12,'Ollie Fadel','Rahsaan77@gmail.com','960-295-297','2023-05-20','We need to compress the solid state AGP firewall!','Nihil occaecati earum doloribus vel voluptate commodi.',0,1),(13,'Carolanne Stoltenberg','Scottie_Cremin@gmail.com','001-619-152','2023-02-01','The SMTP port is down, parse the 1080p port so we can transmit the ADP feed!','Maxime sed magni saepe exercitationem quo.',1,1),(14,'Broderick Goldner','Dewayne.Wehner84@gmail.com','310-611-909','2023-06-07','I\'ll calculate the digital TCP port, that should transmitter the DRAM interface!','Explicabo numquam maiores beatae aperiam nam rerum corrupti.',1,0),(15,'Toby Hayes','Summer_Fadel20@hotmail.com','845-940-915','2023-05-29','You can\'t reboot the feed without indexing the neural TLS application!','Perspiciatis aperiam alias natus omnis fugiat modi itaque repudiandae eveniet.',0,0),(16,'Hellen Mosciski','Conor_Bradtke@yahoo.com','439-284-243','2022-12-11','If we index the microchip, we can get to the THX protocol through the digital TCP feed!','Similique quasi odit.',0,0),(17,'Kristopher Streich','Rhea.Crona@gmail.com','879-101-987','2023-02-07','Use the haptic AGP array, then you can quantify the online pixel!','Sunt nobis quibusdam praesentium a ratione.',1,0),(18,'Alexzander Ortiz','Osborne35@gmail.com','474-750-350','2023-02-06','The COM program is down, compress the back-end bandwidth so we can back up the IB monitor!','Dicta doloribus dolore.',0,1),(19,'Michel Hegmann','Oliver.Weber@yahoo.com','709-816-578','2022-11-05','The PCI program is down, back up the cross-platform application so we can index the JSON system!','Officia corrupti commodi libero.',1,1),(20,'Sanford Hettinger','Hermann_Miller@yahoo.com','633-381-325','2022-12-21','Use the back-end FTP interface, then you can index the optical capacitor!','Cumque accusamus repellat ducimus quibusdam perspiciatis mollitia illo.',1,0),(21,'Jayde Huel','Barney_Schultz@gmail.com','623-862-355','2023-04-03','The CLI application is down, synthesize the solid state protocol so we can index the SMS bus!','Labore totam rerum aut sed non eveniet.',0,0),(22,'Barry Bode','Christophe.Johnson@yahoo.com','801-828-402','2022-11-28','indexing the pixel won\'t do anything, we need to calculate the back-end PNG firewall!','Quasi eveniet neque dolorum qui deleniti corporis dolorem voluptatem.',1,1),(23,'Diana Leffler','Dedric60@hotmail.com','538-876-095','2023-03-12','The SCSI interface is down, parse the open-source panel so we can navigate the ADP matrix!','Quia omnis facere necessitatibus unde.',1,0),(24,'Chyna Bradtke','Molly85@yahoo.com','164-266-872','2022-10-24','We need to transmit the 1080p SQL array!','Assumenda enim quod dignissimos quas.',1,0),(25,'Harley Ferry','Raphaelle72@gmail.com','488-177-796','2022-12-16','The CLI alarm is down, connect the virtual feed so we can compress the SMS driver!','Doloremque non reiciendis incidunt modi.',1,1),(26,'Viola Hayes','Marion30@gmail.com','763-240-452','2023-01-17','We need to parse the neural DNS bandwidth!','Odit ipsum quo delectus eaque error repellendus saepe.',1,1),(27,'Rowan Stehr','Irving.Cruickshank49@hotmail.com','163-609-693','2022-10-18','You can\'t calculate the bus without compressing the wireless CLI transmitter!','Libero atque architecto aut aliquid ut.',0,0),(28,'Enos Satterfield','Lyda48@hotmail.com','421-392-764','2023-06-09','You can\'t bypass the capacitor without quantifying the open-source CLI bus!','Odit totam officiis atque quos delectus deserunt possimus fugiat voluptatibus.',0,1),(29,'Malachi Schamberger','Amalia.Keebler81@gmail.com','510-330-587','2022-09-02','The JSON matrix is down, copy the digital panel so we can quantify the JBOD array!','Ea velit quos rem animi facilis tempora amet.',1,0),(30,'Brenna Romaguera','Leilani51@gmail.com','804-599-361','2023-06-20','hacking the transmitter won\'t do anything, we need to program the digital PNG bandwidth!','Officia at labore laudantium laborum asperiores ea nam tenetur repudiandae.',1,0),(31,'Edmund D\'Amore','Jeromy.Yost@gmail.com','767-964-287','2022-10-12','If we bypass the firewall, we can get to the DRAM firewall through the primary UTF8 circuit!','Sed sit dolorem dolores.',0,1),(32,'Stacey Pouros','Kaia37@yahoo.com','080-453-066','2022-10-14','synthesizing the port won\'t do anything, we need to back up the bluetooth OCR driver!','Non illo ex dolorem perspiciatis beatae ullam repudiandae doloremque quibusdam.',0,1),(33,'Kay Stark','Jacinthe68@yahoo.com','487-005-755','2023-06-02','We need to hack the redundant USB sensor!','Modi exercitationem necessitatibus.',1,0),(34,'Maybell Jerde','Magdalena.Wolf@gmail.com','995-340-920','2023-07-13','Use the haptic CLI array, then you can index the open-source circuit!','Sapiente velit dolorem.',0,0),(35,'Howard Leffler','Shane_Luettgen@hotmail.com','824-164-737','2022-09-07','I\'ll compress the multi-byte AI application, that should port the SDD capacitor!','Architecto assumenda delectus exercitationem quidem cum consequatur.',0,1),(36,'Anita Walker','Herminia28@yahoo.com','773-353-120','2022-09-04','I\'ll calculate the redundant SAS bus, that should feed the SDD firewall!','Dolores maxime pariatur voluptatum in maiores minus labore.',1,1),(37,'Elsie Emmerich-Douglas','Tevin_Goyette@yahoo.com','151-822-007','2022-11-09','Try to bypass the EXE port, maybe it will parse the back-end feed!','Expedita placeat voluptatibus facere sunt delectus.',0,0),(38,'Chloe Osinski','Jarvis67@hotmail.com','730-926-875','2023-07-07','Use the redundant IB firewall, then you can generate the optical capacitor!','Fuga enim nulla aspernatur exercitationem.',0,1),(39,'Arjun Jacobi','Filiberto21@gmail.com','278-153-309','2023-07-04','bypassing the protocol won\'t do anything, we need to generate the wireless ADP bandwidth!','Cupiditate doloribus voluptas praesentium.',1,1),(40,'Vergie Cummings','Alfreda_Skiles48@gmail.com','555-628-430','2022-10-09','You can\'t index the protocol without hacking the online PNG firewall!','Tempore vel mollitia accusantium asperiores.',1,1);
/*!40000 ALTER TABLE `contact` ENABLE KEYS */;
UNLOCK TABLES;

--
-- Table structure for table `rooms`
--

DROP TABLE IF EXISTS `rooms`;
/*!40101 SET @saved_cs_client     = @@character_set_client */;
/*!50503 SET character_set_client = utf8mb4 */;
CREATE TABLE `rooms` (
  `room_id` int NOT NULL AUTO_INCREMENT,
  `room_number` smallint NOT NULL,
  `bed_type` enum('single_bed','double_bed','double_superior','suite') NOT NULL,
  `description` varchar(255) DEFAULT NULL,
  `offer` tinyint(1) DEFAULT NULL,
  `price` smallint NOT NULL,
  `discount` smallint DEFAULT NULL,
  `cancellation` varchar(255) DEFAULT NULL,
  `amenities` varchar(255) NOT NULL,
  PRIMARY KEY (`room_id`)
) ENGINE=InnoDB AUTO_INCREMENT=21 DEFAULT CHARSET=utf8mb4 COLLATE=utf8mb4_0900_ai_ci;
/*!40101 SET character_set_client = @saved_cs_client */;

--
-- Dumping data for table `rooms`
--

LOCK TABLES `rooms` WRITE;
/*!40000 ALTER TABLE `rooms` DISABLE KEYS */;
INSERT INTO `rooms` VALUES (1,1,'single_bed','Odit ex quis consequuntur iusto dignissimos ab corporis porro dolore.',0,65,6,'Rem voluptas omnis deleniti harum eius placeat officiis possimus sapiente.','TV WIFI BATHROOM-KIT HAIR-DRYER MINIBAR'),(2,2,'single_bed','Voluptatem error ratione quo excepturi ullam fugit eos magnam deserunt.',0,54,2,'Eaque voluptas unde architecto dicta consectetur veniam consequuntur nisi sunt.','TV WIFI BATHROOM-KIT JACUZZI HAIR-DRYER'),(3,3,'double_bed','Optio asperiores quis commodi non suscipit amet aut velit esse.',0,58,2,'Commodi a illum commodi unde doloribus neque natus iure pariatur.','TV WIFI BATHROOM-KIT JACUZZI MINIBAR'),(4,4,'double_bed','Dolores doloribus error repellat nam tenetur velit repellat dolorum consequatur.',1,55,5,'Tenetur quas pariatur distinctio sint iusto aliquid accusamus aperiam modi.','TV WIFI BATHROOM-KIT JACUZZI HAIR-DRYER'),(5,5,'suite','Aut maiores quod sint sequi natus error vitae at tempora.',0,72,4,'Ducimus libero deleniti nam optio optio molestias neque a cum.','TV WIFI BATHROOM-KIT HAIR-DRYER MINIBAR'),(6,6,'double_bed','Nemo magni nostrum itaque voluptatibus asperiores dicta dolorem reprehenderit pariatur.',1,67,6,'Adipisci sunt deleniti corporis praesentium laboriosam cum facere blanditiis eveniet.','TV WIFI BATHROOM-KIT JACUZZI HAIR-DRYER'),(7,7,'double_superior','Asperiores voluptatem repellendus nesciunt aut asperiores nam provident dolorum voluptas.',1,98,3,'Autem unde consequatur esse commodi velit dolorum sunt totam amet.','TV WIFI BATHROOM-KIT MINIBAR HAIR-DRYER'),(8,8,'single_bed','Quisquam doloribus qui labore quod magni esse debitis commodi fugit.',1,68,0,'Ut perspiciatis laudantium rerum fugiat tempore neque illum quidem eaque.','TV WIFI BATHROOM-KIT MINIBAR HAIR-DRYER'),(9,9,'double_bed','Adipisci pariatur asperiores ad consequatur corrupti delectus molestiae similique suscipit.',1,99,15,'Facilis corporis dolorem rerum maiores id unde iste magnam possimus.','TV WIFI BATHROOM-KIT MINIBAR HAIR-DRYER'),(10,10,'single_bed','Nobis accusamus vitae praesentium hic commodi itaque provident quis vero.',0,72,1,'Maxime doloribus asperiores ut corrupti repellat laboriosam facere commodi magnam.','TV WIFI BATHROOM-KIT HAIR-DRYER JACUZZI'),(11,11,'suite','Sunt reiciendis distinctio fuga veniam dignissimos aut accusamus quae placeat.',1,82,8,'Ex tempora est odio ea illo repellendus rem dignissimos voluptate.','TV WIFI BATHROOM-KIT HAIR-DRYER JACUZZI'),(12,12,'single_bed','In assumenda inventore nesciunt porro aliquam corrupti soluta nesciunt est.',1,100,10,'Soluta esse cum natus atque distinctio cumque asperiores velit enim.','TV WIFI BATHROOM-KIT MINIBAR JACUZZI'),(13,13,'double_bed','Repellendus earum saepe quis maxime neque consequatur iure optio error.',0,97,4,'Eaque quasi quis non deserunt laudantium maxime nostrum earum architecto.','TV WIFI BATHROOM-KIT JACUZZI HAIR-DRYER'),(14,14,'double_superior','Eum sed cupiditate fugit debitis iure possimus blanditiis ad qui.',1,95,3,'Numquam deleniti numquam ut culpa unde corporis delectus possimus dicta.','TV WIFI BATHROOM-KIT MINIBAR HAIR-DRYER'),(15,15,'double_superior','Eius et fugiat aspernatur facilis asperiores magnam reprehenderit autem aspernatur.',1,63,8,'Recusandae optio perspiciatis expedita delectus provident aut atque voluptate nulla.','TV WIFI BATHROOM-KIT MINIBAR HAIR-DRYER'),(16,16,'double_superior','Consequuntur laborum beatae deleniti quae dolorum eius tempora cumque cum.',1,95,7,'Facilis omnis consequatur velit cupiditate eum nisi nulla quod omnis.','TV WIFI BATHROOM-KIT MINIBAR JACUZZI'),(17,17,'single_bed','Unde voluptatibus debitis mollitia distinctio suscipit ipsa molestiae laudantium odit.',0,57,10,'Nostrum nostrum quaerat modi distinctio accusamus asperiores beatae praesentium ipsum.','TV WIFI BATHROOM-KIT HAIR-DRYER JACUZZI'),(18,18,'double_bed','Quae officia blanditiis repellat nostrum neque ipsum corrupti aut autem.',0,59,10,'Amet minima expedita modi numquam aliquam optio ut tempora inventore.','TV WIFI BATHROOM-KIT JACUZZI MINIBAR'),(19,19,'suite','Itaque earum dolorum quisquam expedita facere dolore id deleniti magnam.',1,88,5,'Incidunt ipsa quis alias veniam delectus alias possimus dignissimos totam.','TV WIFI BATHROOM-KIT MINIBAR HAIR-DRYER'),(20,20,'suite','Eveniet accusantium rerum pariatur eligendi nulla id nihil consequatur ipsum.',0,70,10,'Iusto necessitatibus ratione architecto cum et odio nesciunt numquam et.','TV WIFI BATHROOM-KIT MINIBAR HAIR-DRYER');
/*!40000 ALTER TABLE `rooms` ENABLE KEYS */;
UNLOCK TABLES;

--
-- Table structure for table `rooms_images`
--

DROP TABLE IF EXISTS `rooms_images`;
/*!40101 SET @saved_cs_client     = @@character_set_client */;
/*!50503 SET character_set_client = utf8mb4 */;
CREATE TABLE `rooms_images` (
  `room_id` int NOT NULL,
  `url_image` varchar(255) NOT NULL,
  KEY `room_id` (`room_id`),
  CONSTRAINT `rooms_images_ibfk_1` FOREIGN KEY (`room_id`) REFERENCES `rooms` (`room_id`) ON DELETE CASCADE
) ENGINE=InnoDB DEFAULT CHARSET=utf8mb4 COLLATE=utf8mb4_0900_ai_ci;
/*!40101 SET character_set_client = @saved_cs_client */;

--
-- Dumping data for table `rooms_images`
--

LOCK TABLES `rooms_images` WRITE;
/*!40000 ALTER TABLE `rooms_images` DISABLE KEYS */;
INSERT INTO `rooms_images` VALUES (1,'https://picsum.photos/seed/h8Hn2aV/640/480'),(1,'https://loremflickr.com/640/480?lock=3245987468410880'),(1,'https://loremflickr.com/640/480?lock=8380758014033920'),(1,'https://loremflickr.com/640/480?lock=6700666105888768'),(1,'https://loremflickr.com/640/480?lock=215858064392192'),(2,'https://loremflickr.com/640/480?lock=7120797021765632'),(2,'https://picsum.photos/seed/taM9Un/640/480'),(2,'https://loremflickr.com/640/480?lock=3913566350475264'),(2,'https://picsum.photos/seed/BFxrE/640/480'),(2,'https://loremflickr.com/640/480?lock=491981081935872'),(3,'https://picsum.photos/seed/4pltAI/640/480'),(3,'https://loremflickr.com/640/480?lock=6587736154701824'),(3,'https://picsum.photos/seed/9dmdowge1f/640/480'),(3,'https://picsum.photos/seed/INHiA5qR2/640/480'),(3,'https://loremflickr.com/640/480?lock=4057382789316608'),(4,'https://loremflickr.com/640/480?lock=2347743343280128'),(4,'https://picsum.photos/seed/QOxczUX2c/640/480'),(4,'https://picsum.photos/seed/Yff9Gx0/640/480'),(4,'https://loremflickr.com/640/480?lock=4921225625206784'),(4,'https://picsum.photos/seed/5ogMY/640/480'),(5,'https://picsum.photos/seed/73jRRfa/640/480'),(5,'https://picsum.photos/seed/t0dMD/640/480'),(5,'https://loremflickr.com/640/480?lock=6647741339926528'),(5,'https://loremflickr.com/640/480?lock=5844752062742528'),(5,'https://picsum.photos/seed/XfsOo4YX/640/480'),(6,'https://picsum.photos/seed/Nd2chk/640/480'),(6,'https://loremflickr.com/640/480?lock=8615691882070016'),(6,'https://picsum.photos/seed/jZDBzFA/640/480'),(6,'https://loremflickr.com/640/480?lock=8502850103541760'),(6,'https://loremflickr.com/640/480?lock=4357278889148416'),(7,'https://loremflickr.com/640/480?lock=6304812926763008'),(7,'https://picsum.photos/seed/SixSUB52J/640/480'),(7,'https://picsum.photos/seed/M81gPfvS/640/480'),(7,'https://loremflickr.com/640/480?lock=7552020275789824'),(7,'https://picsum.photos/seed/E58SRYnHkp/640/480'),(8,'https://loremflickr.com/640/480?lock=3672714592124928'),(8,'https://loremflickr.com/640/480?lock=348753594679296'),(8,'https://picsum.photos/seed/ZmzUdL/640/480'),(8,'https://loremflickr.com/640/480?lock=7037167865954304'),(8,'https://loremflickr.com/640/480?lock=5212706017640448'),(9,'https://loremflickr.com/640/480?lock=1324067644768256'),(9,'https://picsum.photos/seed/OUOBr4R/640/480'),(9,'https://picsum.photos/seed/zJeNxR/640/480'),(9,'https://loremflickr.com/640/480?lock=546307095658496'),(9,'https://picsum.photos/seed/gwP1Ov/640/480'),(10,'https://loremflickr.com/640/480?lock=5540091093057536'),(10,'https://picsum.photos/seed/oszyU09i/640/480'),(10,'https://loremflickr.com/640/480?lock=5091490204221440'),(10,'https://loremflickr.com/640/480?lock=8915134946738176'),(10,'https://loremflickr.com/640/480?lock=7493731651420160'),(11,'https://loremflickr.com/640/480?lock=7226082092646400'),(11,'https://loremflickr.com/640/480?lock=2656306590646272'),(11,'https://picsum.photos/seed/YsA4HPgC5E/640/480'),(11,'https://picsum.photos/seed/0gfxUOVP6w/640/480'),(11,'https://loremflickr.com/640/480?lock=3746241322156032'),(12,'https://loremflickr.com/640/480?lock=6503108999905280'),(12,'https://picsum.photos/seed/E5332Lfu/640/480'),(12,'https://loremflickr.com/640/480?lock=5782583543595008'),(12,'https://loremflickr.com/640/480?lock=4032239614558208'),(12,'https://picsum.photos/seed/APzfIR/640/480'),(13,'https://loremflickr.com/640/480?lock=1098915969499136'),(13,'https://loremflickr.com/640/480?lock=2076830452416512'),(13,'https://picsum.photos/seed/rsIAMpWB/640/480'),(13,'https://picsum.photos/seed/IhbRnhp/640/480'),(13,'https://picsum.photos/seed/ATABsj/640/480'),(14,'https://picsum.photos/seed/VbcnCsmLbb/640/480'),(14,'https://loremflickr.com/640/480?lock=911506180931584'),(14,'https://loremflickr.com/640/480?lock=5589864072347648'),(14,'https://loremflickr.com/640/480?lock=7095084308758528'),(14,'https://picsum.photos/seed/DrH8HRjfgB/640/480'),(15,'https://loremflickr.com/640/480?lock=6563574528868352'),(15,'https://picsum.photos/seed/UeU3sjrBwA/640/480'),(15,'https://loremflickr.com/640/480?lock=5218214074122240'),(15,'https://picsum.photos/seed/F2RBdLjTo/640/480'),(15,'https://picsum.photos/seed/pPbX82U/640/480'),(16,'https://loremflickr.com/640/480?lock=7911549444292608'),(16,'https://picsum.photos/seed/j1jL5m/640/480'),(16,'https://picsum.photos/seed/NqnT8/640/480'),(16,'https://loremflickr.com/640/480?lock=701417125838848'),(16,'https://picsum.photos/seed/Ngx3o/640/480'),(17,'https://loremflickr.com/640/480?lock=6973514863083520'),(17,'https://loremflickr.com/640/480?lock=2802764964954112'),(17,'https://picsum.photos/seed/k6cyTWw0tk/640/480'),(17,'https://picsum.photos/seed/hFEx4GPc/640/480'),(17,'https://loremflickr.com/640/480?lock=4055851688001536'),(18,'https://picsum.photos/seed/WZsr9/640/480'),(18,'https://loremflickr.com/640/480?lock=3266506343317504'),(18,'https://loremflickr.com/640/480?lock=145751837507584'),(18,'https://loremflickr.com/640/480?lock=2649568277692416'),(18,'https://picsum.photos/seed/pJTIL/640/480'),(19,'https://loremflickr.com/640/480?lock=4323059540426752'),(19,'https://loremflickr.com/640/480?lock=5267973472256000'),(19,'https://loremflickr.com/640/480?lock=7521103746433024'),(19,'https://loremflickr.com/640/480?lock=7038250990436352'),(19,'https://picsum.photos/seed/1V1B1/640/480'),(20,'https://loremflickr.com/640/480?lock=1742531844898816'),(20,'https://picsum.photos/seed/cmhxpc0KG1/640/480'),(20,'https://picsum.photos/seed/ypm1H1yp5/640/480'),(20,'https://picsum.photos/seed/PlEstH7y/640/480'),(20,'https://loremflickr.com/640/480?lock=8830867484966912');
/*!40000 ALTER TABLE `rooms_images` ENABLE KEYS */;
UNLOCK TABLES;

--
-- Table structure for table `users`
--

DROP TABLE IF EXISTS `users`;
/*!40101 SET @saved_cs_client     = @@character_set_client */;
/*!50503 SET character_set_client = utf8mb4 */;
CREATE TABLE `users` (
  `user_id` int NOT NULL AUTO_INCREMENT,
  `user_name` varchar(255) NOT NULL,
  `user_email` varchar(255) NOT NULL,
  `user_phone` varchar(255) NOT NULL,
  `start_date` date NOT NULL,
  `occupation` enum('manager','reception','room_service') DEFAULT NULL,
  `status` tinyint(1) NOT NULL DEFAULT '1',
  `photo` varchar(255) DEFAULT NULL,
  `password` varchar(255) NOT NULL,
  PRIMARY KEY (`user_id`)
) ENGINE=InnoDB AUTO_INCREMENT=11 DEFAULT CHARSET=utf8mb4 COLLATE=utf8mb4_0900_ai_ci;
/*!40101 SET character_set_client = @saved_cs_client */;

--
-- Dumping data for table `users`
--

LOCK TABLES `users` WRITE;
/*!40000 ALTER TABLE `users` DISABLE KEYS */;
INSERT INTO `users` VALUES (1,'Milford Thiel','Meagan11@hotmail.com','666-077-977','2023-03-31','room_service',1,'https://cloudflare-ipfs.com/ipfs/Qmd3W5DuhgHirLHGVixi6V76LhCkZUz6pnFt5AJBiyvHye/avatar/221.jpg','$2b$05$lrdm3CCv2XOxiCxyXeEYsOlACsDp7ZUCHad0B5cZc/1EvmURd/R2e'),(2,'Maxie Donnelly','Dan.Mayer99@hotmail.com','615-247-436','2023-08-29','reception',1,'https://avatars.githubusercontent.com/u/87792355','$2b$05$QJYiPwSzW9PU5UdMwtRWseyCvuRog7WtWlU3tIdigpphNtHIPqoye'),(3,'Newton Dicki','Cassandra.Hilpert@hotmail.com','660-841-167','2022-09-14','manager',0,'https://cloudflare-ipfs.com/ipfs/Qmd3W5DuhgHirLHGVixi6V76LhCkZUz6pnFt5AJBiyvHye/avatar/175.jpg','$2b$05$xHOBnuoe0SOoFfDLorwuEee2NVmPQ/lANcQqcSAmZ23yr5FOzP5BC'),(4,'Demarco Weimann','Marco9@gmail.com','928-761-193','2023-03-02','manager',1,'https://cloudflare-ipfs.com/ipfs/Qmd3W5DuhgHirLHGVixi6V76LhCkZUz6pnFt5AJBiyvHye/avatar/912.jpg','$2b$05$NwfVLizSbkxCwZE6ZSuiReG8t3hXOv892ZmjcYEx6xAaTB024xfzC'),(5,'Joana Lesch','Melba_Cormier@gmail.com','991-449-505','2022-09-06','room_service',1,'https://avatars.githubusercontent.com/u/53144848','$2b$05$g56C.APLMPf1ruTp7.LipepQKdyNyZbfGeYbSkQSdiWgyr6H4FQ8e'),(6,'Helena Hyatt','Daphney9@hotmail.com','336-688-203','2023-05-06','reception',1,'https://avatars.githubusercontent.com/u/27522242','$2b$05$pjHIXkOOikuoS3MSnqxKFuPOC2OxKeeSpwA9dtsZZwYAjMrcouyHC'),(7,'Malachi Hahn','Kailee_Morar15@hotmail.com','786-647-882','2023-05-29','manager',1,'https://avatars.githubusercontent.com/u/52612723','$2b$05$.ZVmJjXAU6jDk365JCkJC.3PoBpLUPw26Q1yrFLWtjNrFl8.sE88G'),(8,'Arlie Schmitt','Deshawn_Miller@hotmail.com','566-883-384','2023-05-19','manager',0,'https://cloudflare-ipfs.com/ipfs/Qmd3W5DuhgHirLHGVixi6V76LhCkZUz6pnFt5AJBiyvHye/avatar/1055.jpg','$2b$05$alqVFqMDoB6Rw8CykPGxG.f4dIDqZ.cUSH8asGPZDha3vDbZXtDxK'),(9,'Angelita Hane','Eleonore.Goyette@gmail.com','793-461-928','2023-07-01','room_service',0,'https://cloudflare-ipfs.com/ipfs/Qmd3W5DuhgHirLHGVixi6V76LhCkZUz6pnFt5AJBiyvHye/avatar/864.jpg','$2b$05$9vr6Cu83Z4nRZJb.H5U9F.QXZZ5vOp6bG/lrTaGyZlgsThAfzn7Gu'),(10,'Merlin Mitchell','Lera41@yahoo.com','810-714-920','2022-09-26','room_service',1,'https://avatars.githubusercontent.com/u/48000556','$2b$05$mzCb6hNnFOPBhptdHFwkkeYgQzOwP4.8v.MRaJ8BZHs/iuFedQ5dC');
/*!40000 ALTER TABLE `users` ENABLE KEYS */;
UNLOCK TABLES;
/*!40103 SET TIME_ZONE=@OLD_TIME_ZONE */;

/*!40101 SET SQL_MODE=@OLD_SQL_MODE */;
/*!40014 SET FOREIGN_KEY_CHECKS=@OLD_FOREIGN_KEY_CHECKS */;
/*!40014 SET UNIQUE_CHECKS=@OLD_UNIQUE_CHECKS */;
/*!40101 SET CHARACTER_SET_CLIENT=@OLD_CHARACTER_SET_CLIENT */;
/*!40101 SET CHARACTER_SET_RESULTS=@OLD_CHARACTER_SET_RESULTS */;
/*!40101 SET COLLATION_CONNECTION=@OLD_COLLATION_CONNECTION */;
/*!40111 SET SQL_NOTES=@OLD_SQL_NOTES */;

-- Dump completed on 2023-09-05 14:03:39
